method,anomalous_points,precision,recall,F1,windows_detected,windows_total
isolation_forest,681,0.6079295154185022,0.18253968253968253,0.2807731434384537,4,4
robust_seasonal_z,531,0.7099811676082862,0.1662257495590829,0.2693819221150411,2,4
