model,MAE,RMSE,MAPE_percent
sarima,11.837751276224308,22.32087958135025,26.090455189015504
seasonal_naive,13.49393927047933,22.328001798881512,19.881697280404637
